{
    "Qubits - 4 - 0": {
        "exact": -0.15124050600497344,
        "max": 0.20735,
        "min": -0.20735
    },
    "Qubits - 4 - 1": {
        "exact": 0.07354205510498575,
        "max": 0.20735,
        "min": -0.20735
    },
    "Qubits - 4 - 2": {
        "exact": -0.20252652005432586,
        "max": 0.20735,
        "min": -0.20735
    }
}