{
    "IIIIII": {
        "exact": 0.6986600000000105,
        "max": 0.69866,
        "min": 0.69866
    },
    "IIIIIZ": {
        "exact": -0.06626508593368838,
        "max": 0.07013,
        "min": -0.07013
    },
    "IIIIXX": {
        "exact": -0.0021998775759011968,
        "max": 0.04968,
        "min": -0.04968
    },
    "IIIIYY": {
        "exact": -0.0021998775759011907,
        "max": 0.04968,
        "min": -0.04968
    },
    "IIIIZI": {
        "exact": 0.3714880078693922,
        "max": 0.40203,
        "min": -0.40203
    },
    "IIIIZZ": {
        "exact": -0.058582022434655344,
        "max": 0.05983,
        "min": -0.05983
    },
    "IIIZII": {
        "exact": -0.5282663002497953,
        "max": 0.53952,
        "min": -0.53952
    },
    "IIIZIZ": {
        "exact": 0.06340697733999376,
        "max": 0.06862,
        "min": -0.06862
    },
    "IIIZXX": {
        "exact": 0.00020014989217136434,
        "max": 0.00452,
        "min": -0.00452
    },
    "IIIZYY": {
        "exact": 0.00020014989217136491,
        "max": 0.00452,
        "min": -0.00452
    },
    "IIIZZI": {
        "exact": -0.08299907526615125,
        "max": 0.08784,
        "min": -0.08784
    },
    "IIZIII": {
        "exact": -0.05380434551473835,
        "max": 0.07013,
        "min": -0.07013
    },
    "IIZIIZ": {
        "exact": 0.11390849014024756,
        "max": 0.15994,
        "min": -0.15994
    },
    "IIZIXX": {
        "exact": -0.0012812878743005964,
        "max": 0.02513,
        "min": -0.02513
    },
    "IIZIYY": {
        "exact": -0.001281287874300594,
        "max": 0.02513,
        "min": -0.02513
    },
    "IIZIZI": {
        "exact": -0.048949686283980116,
        "max": 0.07053,
        "min": -0.07053
    },
    "IIZZII": {
        "exact": 0.053990804318183,
        "max": 0.07208,
        "min": -0.07208
    },
    "IXXIII": {
        "exact": 0.009861514266502102,
        "max": 0.04968,
        "min": -0.04968
    },
    "IXXIIZ": {
        "exact": 0.004915606656095913,
        "max": 0.02513,
        "min": -0.02513
    },
    "IXXIXX": {
        "exact": 0.0010987110354911472,
        "max": 0.01069,
        "min": -0.01069
    },
    "IXXIYY": {
        "exact": 0.001098711035491146,
        "max": 0.01069,
        "min": -0.01069
    },
    "IXXIZI": {
        "exact": 0.0018019430446934745,
        "max": 0.00878,
        "min": -0.00878
    },
    "IXXZII": {
        "exact": -0.002341420576720682,
        "max": 0.01125,
        "min": -0.01125
    },
    "IYYIII": {
        "exact": 0.009861514266502109,
        "max": 0.04968,
        "min": -0.04968
    },
    "IYYIIZ": {
        "exact": 0.004915606656095917,
        "max": 0.02513,
        "min": -0.02513
    },
    "IYYIXX": {
        "exact": 0.0010987110354911454,
        "max": 0.01069,
        "min": -0.01069
    },
    "IYYIYY": {
        "exact": 0.0010987110354911441,
        "max": 0.01069,
        "min": -0.01069
    },
    "IYYIZI": {
        "exact": 0.0018019430446934753,
        "max": 0.00878,
        "min": -0.00878
    },
    "IYYZII": {
        "exact": -0.0023414205767206832,
        "max": 0.01125,
        "min": -0.01125
    },
    "IZIIII": {
        "exact": -0.30698383360294623,
        "max": 0.40203,
        "min": -0.40203
    },
    "IZIIIZ": {
        "exact": 0.05604691896594778,
        "max": 0.07053,
        "min": -0.07053
    },
    "IZIIXX": {
        "exact": 0.0019184565920090516,
        "max": 0.00878,
        "min": -0.00878
    },
    "IZIIYY": {
        "exact": 0.0019184565920090523,
        "max": 0.00878,
        "min": -0.00878
    },
    "IZIIZI": {
        "exact": -0.09032860198633098,
        "max": 0.11176,
        "min": -0.11176
    },
    "IZIZII": {
        "exact": 0.08303263951297571,
        "max": 0.10684,
        "min": -0.10684
    },
    "IZZIII": {
        "exact": 0.03175735024111079,
        "max": 0.05983,
        "min": -0.05983
    },
    "XXIXXI": {
        "exact": -0.00269016549602859,
        "max": 0.01901,
        "min": -0.01901
    },
    "XXIXZX": {
        "exact": 0.000163767011730508,
        "max": 0.00674,
        "min": -0.00674
    },
    "XXIYYI": {
        "exact": -0.0026901654960285876,
        "max": 0.01901,
        "min": -0.01901
    },
    "XXIYZY": {
        "exact": 0.0001637670117305149,
        "max": 0.00674,
        "min": -0.00674
    },
    "XZXXXI": {
        "exact": 0.0004596401144529845,
        "max": 0.00674,
        "min": -0.00674
    },
    "XZXXZX": {
        "exact": -1.2766569748730062e-05,
        "max": 0.00347,
        "min": -0.00347
    },
    "XZXYYI": {
        "exact": 0.0004596401144529845,
        "max": 0.00674,
        "min": -0.00674
    },
    "XZXYZY": {
        "exact": -1.2766569748732286e-05,
        "max": 0.00347,
        "min": -0.00347
    },
    "YYIXXI": {
        "exact": -0.0026901654960285897,
        "max": 0.01901,
        "min": -0.01901
    },
    "YYIXZX": {
        "exact": 0.00016376701173050865,
        "max": 0.00674,
        "min": -0.00674
    },
    "YYIYYI": {
        "exact": -0.002690165496028587,
        "max": 0.01901,
        "min": -0.01901
    },
    "YYIYZY": {
        "exact": 0.0001637670117305142,
        "max": 0.00674,
        "min": -0.00674
    },
    "YZYXXI": {
        "exact": 0.0004596401144529845,
        "max": 0.00674,
        "min": -0.00674
    },
    "YZYXZX": {
        "exact": -1.2766569748730472e-05,
        "max": 0.00347,
        "min": -0.00347
    },
    "YZYYYI": {
        "exact": 0.0004596401144529838,
        "max": 0.00674,
        "min": -0.00674
    },
    "YZYYZY": {
        "exact": -1.2766569748732093e-05,
        "max": 0.00347,
        "min": -0.00347
    },
    "ZIIIII": {
        "exact": 0.2863734849086427,
        "max": 0.53952,
        "min": -0.53952
    },
    "ZIIIIZ": {
        "exact": -0.040506037451021056,
        "max": 0.07208,
        "min": -0.07208
    },
    "ZIIIXX": {
        "exact": -0.002533595229823851,
        "max": 0.01125,
        "min": -0.01125
    },
    "ZIIIYY": {
        "exact": -0.0025335952298238523,
        "max": 0.01125,
        "min": -0.01125
    },
    "ZIIIZI": {
        "exact": 0.06177843597156181,
        "max": 0.10684,
        "min": -0.10684
    },
    "ZIIZII": {
        "exact": -0.06648503289522431,
        "max": 0.12153,
        "min": -0.12153
    },
    "ZIZIII": {
        "exact": -0.05239716106219479,
        "max": 0.06862,
        "min": -0.06862
    },
    "ZXXIII": {
        "exact": -0.0008972231176447166,
        "max": 0.00452,
        "min": -0.00452
    },
    "ZYYIII": {
        "exact": -0.0008972231176447162,
        "max": 0.00452,
        "min": -0.00452
    },
    "ZZIIII": {
        "exact": -0.06739161143611318,
        "max": 0.08784,
        "min": -0.08784
    }
}