{
    "Qubits - 10 - 0": {
        "exact": -0.1484538621563177,
        "max": 0.45465,
        "min": -0.45465
    },
    "Qubits - 10 - 1": {
        "exact": -0.2997211097962635,
        "max": 0.45465,
        "min": -0.45465
    },
    "Qubits - 10 - 2": {
        "exact": -0.27612464049360746,
        "max": 0.45465,
        "min": -0.45465
    }
}