{
    "Qubits - 12 - 0": {
        "exact": 0.019282470032655413,
        "max": 0.16168,
        "min": -0.16168
    },
    "Qubits - 12 - 1": {
        "exact": 0.03375228263715087,
        "max": 0.16168,
        "min": -0.16168
    },
    "Qubits - 12 - 2": {
        "exact": -0.0066042132971125544,
        "max": 0.16168,
        "min": -0.16168
    }
}