{
    "IIII": {
        "exact": -0.2588500000000014,
        "max": -0.25885,
        "min": -0.25885
    },
    "IIIZ": {
        "exact": 0.06303150760335521,
        "max": 0.07056,
        "min": -0.07056
    },
    "IIXX": {
        "exact": 0.011567469066603699,
        "max": 0.03391,
        "min": -0.03391
    },
    "IIYY": {
        "exact": 0.011567469066603699,
        "max": 0.03391,
        "min": -0.03391
    },
    "IIZI": {
        "exact": 0.18522651787919084,
        "max": 0.20735,
        "min": -0.20735
    },
    "IIZZ": {
        "exact": -0.05983000000000032,
        "max": 0.05983,
        "min": -0.05983
    },
    "IZII": {
        "exact": -0.051466265269886305,
        "max": 0.07056,
        "min": -0.07056
    },
    "IZIZ": {
        "exact": -0.10317627753980718,
        "max": 0.15994,
        "min": -0.15994
    },
    "IZXX": {
        "exact": -0.011281055876370117,
        "max": 0.02513,
        "min": -0.02513
    },
    "IZYY": {
        "exact": -0.011281055876370117,
        "max": 0.02513,
        "min": -0.02513
    },
    "IZZI": {
        "exact": 0.04549845476355258,
        "max": 0.07053,
        "min": -0.07053
    },
    "XXII": {
        "exact": 0.020967676841256035,
        "max": 0.03391,
        "min": -0.03391
    },
    "XXIZ": {
        "exact": 0.01718218661630348,
        "max": 0.02513,
        "min": -0.02513
    },
    "XXXX": {
        "exact": 0.00023668673661849212,
        "max": 0.01069,
        "min": -0.01069
    },
    "XXYY": {
        "exact": 0.00023668673661849212,
        "max": 0.01069,
        "min": -0.01069
    },
    "XXZI": {
        "exact": 0.0060031674688079805,
        "max": 0.00878,
        "min": -0.00878
    },
    "YYII": {
        "exact": 0.020967676841256035,
        "max": 0.03391,
        "min": -0.03391
    },
    "YYIZ": {
        "exact": 0.01718218661630348,
        "max": 0.02513,
        "min": -0.02513
    },
    "YYXX": {
        "exact": 0.00023668673661849212,
        "max": 0.01069,
        "min": -0.01069
    },
    "YYYY": {
        "exact": 0.00023668673661849212,
        "max": 0.01069,
        "min": -0.01069
    },
    "YYZI": {
        "exact": 0.0060031674688079805,
        "max": 0.00878,
        "min": -0.00878
    },
    "ZIII": {
        "exact": -0.15124050600497344,
        "max": 0.20735,
        "min": -0.20735
    },
    "ZIIZ": {
        "exact": 0.04549845476355258,
        "max": 0.07053,
        "min": -0.07053
    },
    "ZIXX": {
        "exact": -0.0039414114840640516,
        "max": 0.00878,
        "min": -0.00878
    },
    "ZIYY": {
        "exact": -0.0039414114840640516,
        "max": 0.00878,
        "min": -0.00878
    },
    "ZIZI": {
        "exact": -0.07209566573620639,
        "max": 0.11176,
        "min": -0.11176
    },
    "ZZII": {
        "exact": -0.05983000000000032,
        "max": 0.05983,
        "min": -0.05983
    }
}