{
    "Qubits - 8 - 0": {
        "exact": -0.08531612529574524,
        "max": 0.24225,
        "min": -0.24225
    },
    "Qubits - 8 - 1": {
        "exact": -0.17258588268142286,
        "max": 0.24225,
        "min": -0.24225
    },
    "Qubits - 8 - 2": {
        "exact": 0.054149619668247176,
        "max": 0.24225,
        "min": -0.24225
    }
}