{
    "Qubits - 6 - 0": {
        "exact": 0.2863734849086427,
        "max": 0.53952,
        "min": -0.53952
    },
    "Qubits - 6 - 1": {
        "exact": 0.468766390516891,
        "max": 0.53952,
        "min": -0.53952
    },
    "Qubits - 6 - 2": {
        "exact": -0.25526802526540765,
        "max": 0.53952,
        "min": -0.53952
    }
}